[
  {
    "value": "Plain Dosa",
    "synonyms": [
      "plain dosa",
      "Masala Dosa",
      "Spicy Dosa",
      "Masala Dosa Roll",
      "Masala Dose",
      "Masale Dose",
      "Masala Crepe",
      "Rava Dosa",
      "Sooji Ka Dosa",
      "Rava Crepe",
      "Sooji Dosa",
      "Instant Rava Dosa"
    ]
  },
  {
    "value": "Sandwich",
    "synonyms": [
      "Sandwich",
      "hero",
      "Sub",
      "Grilled Cheese",
      "Wrap",
      "Club Sandwich",
      "Croissant Sandwich",
      "Slider",
      "Tea Sandwich",
      "Triple-Decker",
      "Sandwiche",
      "Sndwich",
      "Sandvich",
      "Sandoich",
      "Samdwich",
      "Snadwich",
      "Sandwitch",
      "Sandwic",
      "Sanwich",
      "Sndwch",
      "Sandwichh",
      "Sandwicj",
      "Sndwihc",
      "Sandwicu",
      "Sandwicck"
    ]
  },
  {
    "value": "Aloo Paratha",
    "synonyms": [
      "Aloo Paratha",
      "Potato Paratha",
      "Aloo Ka Paratha",
      "Stuffed Potato Paratha",
      "Indian Potato Flatbread",
      "Spiced Potato Paratha",
      "Aloo Roti",
      "Punjabi Aloo Parantha",
      "Stuffed Aloo Paratha",
      "Aloo Prantha",
      "Masala Aloo Paratha",
      "Stuffed Potato Flat Roti",
      "Potato-stuffed Flatbread",
      "Indian Potato Pancake",
      "Potato-filled Paratha",
      "Alo Paratha",
      "Aaloo Paratha",
      "Aloo Parada",
      "Potato Paratha Deluxe",
      "Alu Paratha",
      "Aloo Paratga",
      "Aloo Paratna",
      "Allu Paratha",
      "Allo Paratha",
      "Aloo Paranthha",
      "Potato Pratha",
      "Aloo Paratho",
      "Aloo Parahha",
      "Aloo Parthaa",
      "Aloo Parathra"
    ]
  },
  {
    "value": "Bread Pakora",
    "synonyms": [
      "Bread Pakora",
      "Bread Bhaji",
      "Bread Pakoda",
      "Bread Fritters",
      "Bread Bajji",
      "Bread Pakodi",
      "Stuffed Bread Pakora",
      "Bread Pakodi Chaat",
      "Bread Pakora Bites",
      "Bread Pakora Rolls",
      "Bread Pakoda Sandwich",
      "Bread Pakoda Sliders",
      "Bread Bhajiya",
      "Bread Pakora Delight",
      "Bread Pakodi Pockets",
      "Bread Pakora Sticks",
      "Bread Pakorra",
      "Bread Pkarora",
      "Bread Pkaora",
      "Bread Pakra",
      "Bred Pakora",
      "Bead Pakora",
      "Bread Padora",
      "Bread Pankora",
      "Bread Pajora",
      "Bread Pakoa",
      "Bread Pakoraa",
      "Brad Pakora",
      "Bred Pkora",
      "Bread Pokora"
    ]
  },
  {
    "value": "Chole-Bhature",
    "synonyms": [
      "Chole-Bhature",
      "chole bhature",
      "Chana Puri",
      "Chana Bhatoora",
      "Chana Bhatura",
      "Chole Puri",
      "Bhatura with Chole",
      "Puri Bhature",
      "Puri Chole"
    ]
  },
  {
    "value": "Hakka Noodles",
    "synonyms": [
      "Hakka Noodles",
      "Chinese Noodles",
      "Chow Mein",
      "Stir-Fried Noodles",
      "Vegetable Hakka Noodles",
      "Indo-Chinese Noodles",
      "Chow Noodles",
      "Hakka Chow Mein",
      "Noodle Stir-Fry",
      "Veg Hakka Noodles",
      "Chinese Style Noodles",
      "Hakka Lo Mein",
      "Wok-Tossed Noodles",
      "Hakka Chow Noodles",
      "Pan-Fried Noodles",
      "Asian Stir-Fried Noodles",
      "Hacka Noodles",
      "Hakka Noodlez",
      "Haka Noodl",
      "Hakka Noodules",
      "Hacka Noodels",
      "Hakka Noodles Delux",
      "Hakka Noddles",
      "Hakka Noodlezz",
      "Haka Noodals",
      "Hackka Noodles",
      "Hakka Noodlees",
      "Hakka Nodles",
      "Hacka Nudles",
      "Hakka Noodals",
      "Hakkah Noodles"
    ]
  },
  {
    "value": "Veg. Biryani",
    "synonyms": [
      "Veg. Biryani",
      "Biryani",
      "Biryani Rice",
      "Biryani Pulao",
      "Biryani Bowl",
      "Hyderabadi Biryani",
      "Dum Biryani",
      "Lucknowi Biryani",
      "boryani",
      "birysni"
    ]
  },
  {
    "value": "Shahi-Panner",
    "synonyms": [
      "Shahi-Panner",
      "Royal Paneer",
      "Creamy Cottage Cheese",
      "Paneer in Royal Gravy",
      "Shahi Paneer Masala",
      "Rich Paneer Curry",
      "Shahi Paneer Delight",
      "Royal Cottage Cheese",
      "Royal Mughlai Paneer",
      "Shahi Paneer Korma",
      "Regal Paneer",
      "Shahi Paneer Makhani",
      "Luxurious Paneer",
      "Mughlai Shahi Paneer",
      "Creamy Royal Paneer",
      "Shahi Paneer Elegance",
      "Shahi Pannner",
      "Shahi Paneeer",
      "Shaih Paneer",
      "Shahi Panerr",
      "Shahi Paneerr",
      "Shahi Pnir",
      "Shahi Paneer Delxue",
      "Shahi Paner",
      "Shahi Paneer Delux",
      "Shahi Panneer",
      "Shahi Pnaeer",
      "Shai Paneer",
      "Shahi Paneer Masla",
      "Shahi Panner",
      "Shahi Paneer Delite"
    ]
  },
  {
    "value": "Veggie Pizza",
    "synonyms": [
      "Veggie Pizza",
      "Pizza",
      "Pizzeria",
      "Brick-Oven Pizza",
      "piza",
      "pizaaaaa",
      "pizzaaaaa",
      "Pan Pizza",
      "Wood-Fired Pizza",
      "onion pizza",
      "capsicum pizza",
      "cheese pizza",
      "cheese pizzas"
    ]
  },
  {
    "value": "Dal-Makhni",
    "synonyms": [
      "Dal-Makhni",
      "Dal Makhni Masala",
      "Punjabi Dal",
      "Butter Dal",
      "Urad Rajma Dal",
      "Urad Rajma",
      "Black Lentil Curry",
      "Dal Makhanwala",
      "Dal Makhno",
      "Dal Makh",
      "Dhal Makhani",
      "Dal Makhari",
      "Dal Makhuna",
      "Divine Dal Makhqni",
      "Dal Makhoni",
      "Makhani Dalicious"
    ]
  },
  {
    "value": "Panner Bhurji",
    "synonyms": [
      "Panner Bhurji",
      "Scrambled Paneer",
      "Cottage Cheese Bhurji",
      "Paneer Bhujia",
      "Grated Paneer Bhurji",
      "Indian Scrambled Cottage Cheese",
      "Paneer Stir-fry",
      "Crumbled Paneer Curry",
      "Paneer Bhurji Masala",
      "Spicy Paneer Scramble",
      "Dry Paneer Bhurji",
      "Grated Cottage Cheese Bhurji",
      "Paneer Bhurji Sabzi",
      "Bhurjiwala Paneer",
      "Paneer Bhurji Bhaji",
      "Quick Paneer Bhurji",
      "Panner Bhurjee",
      "Panneer Bhujri",
      "Paneer Bhurjee Delux",
      "Paneer Burji",
      "Paneer Bhurji Deluxe",
      "Panner Bhujia",
      "Paneer Bhurjeez",
      "Paneer Bhuji",
      "Panir Bhurji",
      "Panneer Bhurji",
      "Pnir Bhurji",
      "Paneer Bhurjii",
      "Paner Bhurji",
      "Paneer Bhurjhi",
      "Paneer Bhurj"
    ]
  },
  {
    "value": "Panner-Lababdar",
    "synonyms": [
      "Panner-Lababdar",
      "Cottage Cheese Lababdar",
      "Lababdar Paneer",
      "Paneer Lababdar Masala",
      "Creamy Paneer Delight",
      "Spicy Paneer Gravy",
      "Lababdar Style Paneer",
      "Rich Paneer Curry",
      "Paneer Lababdar Delight",
      "Tomato-Based Paneer",
      "Makhani Paneer",
      "Lababdar Cottage Cheese",
      "Paneer Lababdar Masaledar",
      "Creamy Tomato Paneer",
      "Tangy Paneer Lababdar",
      "Savory Paneer Lababdar",
      "Paneer Labadar",
      "Panir Lababdaar",
      "Paneer Lababdaar",
      "Paneer Labbdar",
      "Paneer Labadar Deluxe",
      "Panneer Lababdar",
      "Paneer Labadar Delux",
      "Paneer Lababdaar Masala",
      "Paner Lababdar",
      "Paneer Lababdark",
      "Panner Lababdar",
      "Panee Lababdar",
      "Paneer Lababdaarr",
      "Paneer Labadar Masaledar",
      "Paneer Lababdar Deeluxe"
    ]
  },
  {
    "value": "Mango Lassi",
    "synonyms": [
      "Mango Lassi",
      "Mango Yogurt Smoothie",
      "Mango Buttermilk",
      "Aam Lassi",
      "lassi",
      "Lassi",
      "Mangolassi",
      "Mango Yogurt Shake",
      "mango lasi",
      "lasi",
      "Manggo Lassi",
      "Mango Lasyi",
      "Mngo Lassi",
      "Mago Lassi",
      "Mngo Lasyi",
      "Mngo Lasy",
      "Mango Lasy",
      "Mango Lassie",
      "Mngo Lasi",
      "Mago Lasyi",
      "Mango Lasye",
      "Mangi Lassi",
      "Mango Lassy",
      "Mango Lsi",
      "Mango Lassi Deluxe"
    ]
  },
  {
    "value": "Oreo-Shake",
    "synonyms": [
      "Oreo-Shake",
      "Oreo Smoothie",
      "Oreo Milkshake",
      "Oreo Blizzard",
      "Oreo Frappe",
      "Cookies \u0027n\u0027 Cream Smoothie",
      "Oreo Ice Cream Shake",
      "Oreo Delight Shake",
      "Choco-Cookie Shake",
      "Oreo Crush Shake",
      "Creamy Oreo Blend",
      "Oreo Dream Shake",
      "Oreo Bliss Shake",
      "Chilled Oreo Treat",
      "Orio Shake",
      "Oreo Shkae",
      "Oreo Shaek",
      "Oreoo Shake",
      "Oreo Shajke",
      "Oreo Shke",
      "Oreo Shakes Deluxe",
      "Oreo Shakie",
      "Oreo Shkaek",
      "Oreo Shakee",
      "Oreo Shkaake",
      "Oreo Shak",
      "Orreo Shake",
      "Oreo Shka",
      "Oreo Shakes Delux",
      "Oreo Shake",
      "oreo shake"
    ]
  },
  {
    "value": "Orange Juice",
    "synonyms": [
      "Orange Juice",
      "Citrus Juice",
      "Orange Drink",
      "Fresh Squeezed Orange Juice",
      "Vitamin C Drink",
      "Zesty Orange Beverage",
      "Orange Extract",
      "Tangy Citrus Juice",
      "Pure Orange Nectar",
      "Orange Crush",
      "Cold-Pressed Orange Juice",
      "Orange Elixir",
      "Sweet Citrus Nectar",
      "Citrus Elixir",
      "Orange Infusion",
      "Orange Juce",
      "Ornge Juice",
      "Ornage Juixe",
      "Orange Juive",
      "Orang Juice",
      "Orane Juice",
      "Oange Juice",
      "Orangge Juice",
      "Oraneg Juice",
      "Orange Juixe Deluxe",
      "Ornage Jucie",
      "Orane Juiec",
      "Orng Juice",
      "Ornage Juic",
      "Oarnge Juice"
    ]
  },
  {
    "value": "Cold-Coffee",
    "synonyms": [
      "Cold-Coffee",
      "coffee",
      "cofee",
      "coffe",
      "iced cooffee",
      "iced coffee",
      "icy coffee",
      "cold java",
      "iced americano",
      "Chilled Coffee",
      "Frosty Coffee",
      "cold coffee",
      "Frosty Brew",
      "Chilled Coffee Elixir",
      "Arctic Coffee",
      "Refreshing Coffee",
      "Cold Coffe",
      "Cold Cofee",
      "Coldd Coffee",
      "Cold Coffie",
      "Cold Koffee",
      "Cole Coffee",
      "Kold Coffee",
      "Cld Coffee",
      "Cold Cofey",
      "Cold Cofffee",
      "Cold Coffei",
      "Cold Coofee",
      "Coold Coffee",
      "Cold Coffy",
      "Cold Coffe Deluxe"
    ]
  }
]