[
  {
    "id": "3b7d6d19-2b3a-43ab-ad18-98822a06db1e",
    "data": [
      {
        "text": "remove ",
        "userDefined": false
      },
      {
        "text": "alloo paratha",
        "meta": "@food-item",
        "alias": "food-item",
        "userDefined": false
      }
    ],
    "isTemplate": false,
    "count": 0,
    "lang": "en",
    "updated": 0
  },
  {
    "id": "8bd2d531-5615-4a2e-b1af-a3ec036d1b62",
    "data": [
      {
        "text": "exclude the ",
        "userDefined": false
      },
      {
        "text": "chole bhature",
        "meta": "@food-item",
        "alias": "food-item",
        "userDefined": false
      },
      {
        "text": " from my order",
        "userDefined": false
      }
    ],
    "isTemplate": false,
    "count": 0,
    "lang": "en",
    "updated": 0
  },
  {
    "id": "f637ddb0-a474-4cf3-af30-f6ee77e374bc",
    "data": [
      {
        "text": "remove ",
        "userDefined": false
      },
      {
        "text": "cold coffee",
        "meta": "@food-item",
        "alias": "food-item",
        "userDefined": false
      }
    ],
    "isTemplate": false,
    "count": 0,
    "lang": "en",
    "updated": 0
  },
  {
    "id": "40c64436-003d-4007-9895-2c01adb816a7",
    "data": [
      {
        "text": "remove ",
        "userDefined": false
      },
      {
        "text": "hakka noodle",
        "meta": "@food-item",
        "alias": "food-item",
        "userDefined": false
      }
    ],
    "isTemplate": false,
    "count": 0,
    "lang": "en",
    "updated": 0
  },
  {
    "id": "86a2267e-0fad-4313-b7a4-a3283c9baf2c",
    "data": [
      {
        "text": "I don\u0027t want ",
        "userDefined": false
      },
      {
        "text": "orange juice",
        "meta": "@food-item",
        "alias": "food-item",
        "userDefined": false
      }
    ],
    "isTemplate": false,
    "count": 0,
    "lang": "en",
    "updated": 0
  },
  {
    "id": "05cb05d6-2aad-4830-8302-12bee6e8c5d4",
    "data": [
      {
        "text": "I\u0027d like to exclude ",
        "userDefined": false
      },
      {
        "text": "Oreo shake",
        "meta": "@food-item",
        "alias": "food-item",
        "userDefined": false
      },
      {
        "text": " and ",
        "userDefined": false
      },
      {
        "text": "panner Bhurji",
        "meta": "@food-item",
        "alias": "food-item",
        "userDefined": false
      },
      {
        "text": ", please",
        "userDefined": false
      }
    ],
    "isTemplate": false,
    "count": 0,
    "lang": "en",
    "updated": 0
  },
  {
    "id": "de8cb84d-8993-4af8-9cc0-81edde4ea94a",
    "data": [
      {
        "text": "Kindly take ",
        "userDefined": false
      },
      {
        "text": "panner lababdar",
        "meta": "@food-item",
        "alias": "food-item",
        "userDefined": false
      },
      {
        "text": " and ",
        "userDefined": false
      },
      {
        "text": "hakka noodle",
        "meta": "@food-item",
        "alias": "food-item",
        "userDefined": false
      },
      {
        "text": " off the order, please.",
        "userDefined": false
      }
    ],
    "isTemplate": false,
    "count": 0,
    "lang": "en",
    "updated": 0
  },
  {
    "id": "56b3b60d-f1e3-4bc1-9ec4-2b7f261fab44",
    "data": [
      {
        "text": "subtract ",
        "userDefined": false
      },
      {
        "text": "mango lassi",
        "meta": "@food-item",
        "alias": "food-item",
        "userDefined": false
      }
    ],
    "isTemplate": false,
    "count": 1,
    "lang": "en",
    "updated": 0
  },
  {
    "id": "13cb3812-8f31-43ab-b9b4-76fcc4966b6f",
    "data": [
      {
        "text": "I no longer want the ",
        "userDefined": false
      },
      {
        "text": "rava dosa",
        "meta": "@food-item",
        "alias": "food-item",
        "userDefined": true
      },
      {
        "text": " in my order, please remove it",
        "userDefined": false
      }
    ],
    "isTemplate": false,
    "count": 0,
    "lang": "en",
    "updated": 0
  },
  {
    "id": "a53fe9af-e3a9-42b5-bf20-017515867638",
    "data": [
      {
        "text": "Kindly exclude the ",
        "userDefined": false
      },
      {
        "text": "rava dosa",
        "meta": "@food-item",
        "alias": "food-item",
        "userDefined": true
      },
      {
        "text": " from my order",
        "userDefined": false
      }
    ],
    "isTemplate": false,
    "count": 0,
    "lang": "en",
    "updated": 0
  },
  {
    "id": "59096e87-320d-4563-9f50-aad1e3f08c97",
    "data": [
      {
        "text": "remove ",
        "userDefined": false
      },
      {
        "text": "pizza",
        "meta": "@food-item",
        "alias": "food-item",
        "userDefined": true
      },
      {
        "text": " from my order",
        "userDefined": false
      }
    ],
    "isTemplate": false,
    "count": 0,
    "lang": "en",
    "updated": 0
  },
  {
    "id": "bf336eca-adc2-4cf1-b46d-4daf196e2ebc",
    "data": [
      {
        "text": "can you remove ",
        "userDefined": false
      },
      {
        "text": "mango lassi",
        "meta": "@food-item",
        "alias": "food-item",
        "userDefined": true
      },
      {
        "text": "?",
        "userDefined": false
      }
    ],
    "isTemplate": false,
    "count": 0,
    "lang": "en",
    "updated": 0
  }
]