[
  {
    "id": "9e37bcfb-2367-4a33-bb65-b338094057e2",
    "data": [
      {
        "text": "78",
        "meta": "@sys.number",
        "alias": "order_id",
        "userDefined": false
      }
    ],
    "isTemplate": false,
    "count": 1,
    "lang": "en",
    "updated": 0
  },
  {
    "id": "3939f100-7156-47ff-8d03-3a94d76c1e05",
    "data": [
      {
        "text": "90",
        "meta": "@sys.number",
        "alias": "order_id",
        "userDefined": false
      }
    ],
    "isTemplate": false,
    "count": 0,
    "lang": "en",
    "updated": 0
  },
  {
    "id": "cbe7e7cf-2981-40ce-85cd-a436dd5ad0ed",
    "data": [
      {
        "text": "here is my order number ",
        "userDefined": false
      },
      {
        "text": "40",
        "meta": "@sys.number",
        "alias": "order_id",
        "userDefined": false
      }
    ],
    "isTemplate": false,
    "count": 0,
    "lang": "en",
    "updated": 0
  },
  {
    "id": "5da4e0fb-66f9-4c8a-874c-d0ac7e93bf21",
    "data": [
      {
        "text": "i think id is ",
        "userDefined": false
      },
      {
        "text": "45",
        "meta": "@sys.number",
        "alias": "order_id",
        "userDefined": false
      }
    ],
    "isTemplate": false,
    "count": 0,
    "lang": "en",
    "updated": 0
  },
  {
    "id": "36336be2-d390-4082-848c-d67fecbeaf8c",
    "data": [
      {
        "text": "id is ",
        "userDefined": false
      },
      {
        "text": "40",
        "meta": "@sys.number",
        "alias": "order_id",
        "userDefined": false
      }
    ],
    "isTemplate": false,
    "count": 0,
    "lang": "en",
    "updated": 0
  },
  {
    "id": "99ad6748-a0e2-4c01-aa73-0cce58d73bce",
    "data": [
      {
        "text": "try out ",
        "userDefined": false
      },
      {
        "text": "56",
        "meta": "@sys.number",
        "alias": "order_id",
        "userDefined": false
      }
    ],
    "isTemplate": false,
    "count": 0,
    "lang": "en",
    "updated": 0
  },
  {
    "id": "5591e1e6-44a9-4cce-b871-4f67db03ac3a",
    "data": [
      {
        "text": "it\u0027s ",
        "userDefined": false
      },
      {
        "text": "24",
        "meta": "@sys.number",
        "alias": "order_id",
        "userDefined": false
      }
    ],
    "isTemplate": false,
    "count": 0,
    "lang": "en",
    "updated": 0
  },
  {
    "id": "62b3582c-58b5-4588-b140-bc376977bd15",
    "data": [
      {
        "text": "how about ",
        "userDefined": false
      },
      {
        "text": "32",
        "meta": "@sys.number",
        "alias": "order_id",
        "userDefined": false
      }
    ],
    "isTemplate": false,
    "count": 0,
    "lang": "en",
    "updated": 0
  },
  {
    "id": "950587c3-80fd-4280-92ea-2f7d3d1752ac",
    "data": [
      {
        "text": "here it\u0027s ",
        "userDefined": false
      },
      {
        "text": "40",
        "meta": "@sys.number",
        "alias": "order_id",
        "userDefined": false
      }
    ],
    "isTemplate": false,
    "count": 0,
    "lang": "en",
    "updated": 0
  },
  {
    "id": "b5aa3d70-0baa-409d-8f85-ecc24a779501",
    "data": [
      {
        "text": "40",
        "meta": "@sys.number",
        "alias": "order_id",
        "userDefined": false
      }
    ],
    "isTemplate": false,
    "count": 0,
    "lang": "en",
    "updated": 0
  }
]