[
  {
    "id": "9af5ff9d-63e5-490a-bc1c-37e735839db0",
    "data": [
      {
        "text": "order status please",
        "userDefined": false
      }
    ],
    "isTemplate": false,
    "count": 0,
    "lang": "en",
    "updated": 0
  },
  {
    "id": "b0646367-79eb-427b-9924-530ec3e257d0",
    "data": [
      {
        "text": "track order",
        "userDefined": false
      }
    ],
    "isTemplate": false,
    "count": 12,
    "lang": "en",
    "updated": 0
  },
  {
    "id": "e86041b9-0169-443e-b837-90e32d68e715",
    "data": [
      {
        "text": "track existing order",
        "userDefined": false
      }
    ],
    "isTemplate": false,
    "count": 0,
    "lang": "en",
    "updated": 0
  },
  {
    "id": "e3ca09de-c1fa-42ba-a18b-1119b2856421",
    "data": [
      {
        "text": "check the status of my order",
        "userDefined": false
      }
    ],
    "isTemplate": false,
    "count": 0,
    "lang": "en",
    "updated": 0
  },
  {
    "id": "9794f913-495a-4a7f-9f6e-83e45dde1058",
    "data": [
      {
        "text": "Track Order",
        "userDefined": false
      }
    ],
    "isTemplate": false,
    "count": 2,
    "lang": "en",
    "updated": 0
  }
]